<?xml version='1.0' encoding='UTF-8'?>
<?artifactRepository version='1.1.0'?>
<repository name='file:/C:/robot/robo-mule/robo-connector/target/update-site/ - artifacts' type='org.eclipse.equinox.p2.artifact.repository.simpleRepository' version='1'>
  <properties size='2'>
    <property name='p2.timestamp' value='1415220580971'/>
    <property name='p2.compressed' value='false'/>
  </properties>
  <mappings size='3'>
    <rule filter='(&amp; (classifier=osgi.bundle))' output='${repoUrl}/plugins/${id}_${version}.jar'/>
    <rule filter='(&amp; (classifier=binary))' output='${repoUrl}/binary/${id}_${version}'/>
    <rule filter='(&amp; (classifier=org.eclipse.update.feature))' output='${repoUrl}/features/${id}_${version}.jar'/>
  </mappings>
  <artifacts size='2'>
    <artifact classifier='osgi.bundle' id='org.mule.tooling.ui.contribution.robo.3.5.0' version='1.0.0.201411051749'>
      <properties size='3'>
        <property name='artifact.size' value='256402'/>
        <property name='download.size' value='256402'/>
        <property name='download.md5' value='b528cbef826e5280b43e971492b42639'/>
      </properties>
    </artifact>
    <artifact classifier='org.eclipse.update.feature' id='org.mule.tooling.ui.extension.robo-connector.3.5.0' version='1.0.0.201411051749'>
      <properties size='4'>
        <property name='artifact.size' value='10164'/>
        <property name='download.size' value='10164'/>
        <property name='download.md5' value='7e3ce2be860342a5c61a017687ea8093'/>
        <property name='download.contentType' value='application/zip'/>
      </properties>
    </artifact>
  </artifacts>
</repository>
